# NutriThrive URL Structure Consolidation
# Redirect old /pages/ folders to the new clean structure

# Blog redirects - redirect ALL /pages/blog/ to /blog/
# Handle URLs with .html extension (must come first)
/pages/blog/*.html /blog/:splat 301
# Handle URLs without .html extension (add .html)
/pages/blog/* /blog/:splat.html 301
# Handle directory
/pages/blog /blog/ 301

# Products redirects
/pages/products/* /products/:splat 301
/pages/products /products/ 301

# Homepage redirects
/pages/homepage/* /:splat 301
/pages/homepage / 301

